id,titulo,categoria,historia,tempo_estimado,nivel,status,ordem,causas_reais,causas_distratoras,created_at,updated_at,gs_project_id,gs_table_name
desafio-dona-joana,O Desafio da Dona Joana,Sustentabilidade,"A merendeira Dona Joana está preocupada com o desperdício de comida na escola. A horta está abandonada, o cardápio é repetitivo e o orçamento é curto. Todos os dias, uma grande quantidade de comida vai para o lixo, enquanto o orçamento da cantina continua apertado e as crianças reclamam que a comida é sempre a mesma.",30 minutos,Médio,Publicado,1,"[""O cardápio é repetitivo e pouco atrativo para os alunos"",""A horta da escola está abandonada e sem produção"",""Não há engajamento dos alunos com a alimentação escolar"",""O orçamento da cantina é curto, limitando a variedade de compras""]","[""Os alunos não gostam de nenhum tipo de comida saudável"",""A escola não tem cozinha equipada"",""Não existe verba pública nenhuma destinada à merenda"",""O problema é exclusivamente culpa da Dona Joana""]",1784175986595,1784175986595,12c315b2-ad5c-45ab-bca1-36549e202d22,hack_desafios
desafio-torneira-nunca-fecha,O Mistério da Torneira que Nunca Fecha,Sustentabilidade,"Pedro é um aluno do 9º ano que adora ciências. Toda manhã, ao chegar à escola, ele passa pelo pátio dos fundos e vê a mesma cena: uma torneira do bebedouro pingando sem parar. Um dia, durante a aula de matemática, a professora lançou um desafio: ""Se uma torneira pinga uma gota por segundo, quantos litros de água são desperdiçados em um mês?"". Pedro fez as contas e se assustou: eram mais de 2.000 litros! Ele decidiu investigar e descobriu que o problema não era só a torneira. O bebedouro estava mal localizado, quase ninguém o usava, e a água acumulada criava poças onde mosquitos se proliferavam. A diretora já havia chamado a manutenção três vezes, mas o conserto nunca durava mais do que uma semana. Pedro reuniu alguns amigos e resolveu pensar em uma solução que fosse além de simplesmente apertar a torneira.",30 minutos,Médio,Publicado,2,"[""A torneira do bebedouro tem um defeito mecânico que a manutenção nunca resolveu de forma definitiva."",""O bebedouro está mal localizado, o que faz com que quase ninguém o utilize corretamente."",""A água que pinga se acumula em poças, favorecendo a proliferação de mosquitos."",""Falta um sistema de reaproveitamento da água que se perde, mesmo com o conserto temporário.""]","[""Os alunos não gostam de beber água do bebedouro."",""A escola não tem verba nenhuma para qualquer tipo de manutenção."",""O calor da região faz a água evaporar rápido, por isso parece haver desperdício.""]",1784230264116,1784230264116,12c315b2-ad5c-45ab-bca1-36549e202d22,hack_desafios
desafio-escola-desconectada,A Escola Desconectada,Tecnologia,"Marina é uma aluna do 1º ano do Ensino Médio que adora tecnologia. Ela sempre chega cedo à escola e nota que muitos colegas têm dificuldade para acessar informações básicas: qual sala terá aula, se o professor faltou, se há eventos no dia. A escola tem um site, mas ele está desatualizado desde 2019. O mural de avisos é uma confusão de papéis sobrepostos. Os grupos de WhatsApp das turmas vivem cheios de mensagens repetidas e ninguém sabe ao certo o que é oficial. Marina percebeu que a desinformação gera atrasos, frustração e até conflitos. Ela quer criar uma solução tecnológica simples e acessível que organize a comunicação da escola.",30 minutos,Médio,Publicado,3,"[""O site oficial da escola está desatualizado desde 2019 e não é mais consultado por ninguém."",""O mural de avisos físico acumula informações sobrepostas e desorganizadas."",""Não existe um canal oficial único, o que faz os grupos de WhatsApp virarem uma bagunça de informações não confirmadas."",""A escola não tem um responsável definido para centralizar e validar as informações antes de divulgá-las.""]","[""Os alunos não têm interesse em se informar sobre a rotina escolar."",""A internet da escola é lenta demais para qualquer solução digital funcionar."",""Os professores se esquecem com frequência de avisar sobre mudanças de horário.""]",1784230264116,1784230264116,12c315b2-ad5c-45ab-bca1-36549e202d22,hack_desafios
desafio-robo-conselheiro,O Robô Conselheiro,IA,"Rafael é um estudante do 2º ano do Ensino Médio que sempre foi o ""técnico de informática"" da família. Toda semana, algum vizinho bate na sua porta pedindo ajuda: ""Rafael, meu celular está lento"", ""Rafael, como faço para agendar uma consulta no postinho pelo site?"", ""Rafael, caí num golpe no WhatsApp, e agora?"". Rafael percebeu que muitos moradores do bairro — especialmente os mais idosos — têm smartphones, mas não sabem usá-los com segurança. Eles têm medo de golpes, não conhecem os serviços públicos digitais e se sentem excluídos. A escola tem um laboratório de informática que fica ocioso à tarde. Rafael quer criar algo que ajude a comunidade a se conectar com segurança ao mundo digital.",30 minutos,Médio,Publicado,4,"[""Muitos moradores, especialmente idosos, têm smartphones mas nunca receberam orientação sobre como usá-los com segurança."",""A comunidade não conhece os serviços públicos digitais disponíveis (como agendamento de consultas)."",""Não existe nenhum canal acessível e permanente de apoio para tirar dúvidas tecnológicas no bairro."",""A falta de conhecimento sobre golpes digitais deixa os moradores vulneráveis a fraudes.""]","[""Os moradores não têm interesse nenhum em aprender tecnologia."",""Os smartphones que os moradores possuem são modelos antigos demais para qualquer aplicativo funcionar."",""A escola não tem autorização para ensinar tecnologia para pessoas de fora da comunidade escolar.""]",1784230264116,1784230264116,12c315b2-ad5c-45ab-bca1-36549e202d22,hack_desafios
desafio-bazar-que-ninguem-ve,O Bazar que Ninguém Vê,Empreendedorismo,"Dona Célia é uma costureira aposentada que mora ao lado da escola. Durante a pandemia, ela começou a fazer máscaras de tecido para vender e descobriu um talento que não sabia que tinha: criar bolsas, necessaires e acessórios com retalhos que sobravam das confecções do bairro. Hoje, ela tem uma pequena produção, mas não sabe como divulgar. Vende apenas para conhecidos, a preços muito baixos, e mal cobre os custos. Os alunos da escola descobriram o trabalho de Dona Célia durante uma atividade de campo e perceberam que o bairro está cheio de pequenos produtores como ela — pessoas talentosas que não sabem empreender. Eles querem criar uma solução que ajude esses microempreendedores a divulgar seus produtos, calcular preços e acessar novos mercados.",30 minutos,Médio,Publicado,5,"[""Dona Célia e outros produtores locais não sabem como divulgar seus produtos para além do círculo de conhecidos."",""Os produtos são vendidos a preços muito baixos porque os produtores não sabem calcular custos e margem de lucro."",""Não existe nenhum espaço ou canal que conecte os pequenos produtores do bairro a novos compradores."",""Os produtores trabalham de forma isolada, sem trocar experiências ou se apoiar entre si.""]","[""Os produtos de Dona Célia têm qualidade inferior aos vendidos em lojas."",""O bairro não tem pessoas interessadas em comprar produtos artesanais."",""Falta matéria-prima (retalhos de tecido) para a produção continuar.""]",1784232157343,1784232157343,12c315b2-ad5c-45ab-bca1-36549e202d22,hack_desafios
desafio-silencio-que-adoece,O Silêncio que Adoece,Ciências,"Larissa é uma aluna do 9º ano que sempre foi comunicativa e animada. Nos últimos meses, porém, seus amigos notaram que ela anda calada, faltando às aulas e evitando o recreio. Quando questionada, ela desconversa. A professora de Ciências, preocupada, propôs uma roda de conversa sobre saúde mental e descobriu que Larissa não é a única: muitos alunos relatam ansiedade, cobrança excessiva, solidão e dificuldade para lidar com as redes sociais. A escola não tem um psicólogo regular, e os alunos não sabem a quem recorrer. Um grupo de estudantes decidiu criar uma solução para apoiar a saúde mental dos colegas — algo que acolha, informe e oriente, respeitando o anonimato de quem não quer se expor.",30 minutos,Médio,Publicado,6,"[""A escola não tem psicólogo ou profissional de saúde mental disponível regularmente."",""Os alunos não sabem a quem recorrer quando estão enfrentando dificuldades emocionais."",""Existe um estigma que faz os alunos evitarem falar abertamente sobre seus sentimentos."",""Não há nenhum canal que garanta anonimato para quem não quer se expor ao pedir ajuda.""]","[""Larissa está apenas cansada porque não dorme bem."",""Os alunos só querem chamar atenção quando dizem que estão ansiosos."",""A escola tem professores insensíveis que não se importam com os alunos.""]",1784232157343,1784232157343,12c315b2-ad5c-45ab-bca1-36549e202d22,hack_desafios
desafio-biblioteca-esquecida,A Biblioteca Esquecida,Criatividade,"A biblioteca da escola é um lugar silencioso — silencioso demais. Apesar de ter um acervo razoável, quase ninguém a frequenta. Os livros estão desatualizados, o espaço é escuro e pouco acolhedor, e a bibliotecária, Dona Fátima, passa a maior parte do tempo sozinha. Um grupo de alunos do 8º ano fez uma enquete e descobriu que 85% dos colegas nunca pegaram um livro emprestado. Os motivos? ""Não sei o que tem lá"", ""É chato"", ""Prefiro ler no celular"". A escola não tem verba para reformar o espaço, mas os alunos acreditam que é possível transformar a biblioteca em um lugar vibrante de aprendizado — e, de quebra, melhorar o hábito de leitura de toda a escola.",30 minutos,Médio,Publicado,7,"[""O acervo da biblioteca está desatualizado e não interessa aos alunos."",""Os alunos não sabem quais livros a biblioteca tem disponível."",""O espaço físico é pouco convidativo, escuro e desorganizado."",""Não existe nenhuma atividade ou programação que aproxime os alunos da leitura.""]","[""Os alunos de hoje simplesmente não gostam de ler."",""A bibliotecária Dona Fátima não sabe organizar o acervo."",""A escola não tem nenhum livro interessante para os alunos.""]",1784232157343,1784232157343,12c315b2-ad5c-45ab-bca1-36549e202d22,hack_desafios
desafio-praca-abandonada,A Praça Abandonada,Liderança,"A Praça São Lucas, a duas quadras da escola, já foi o ponto de encontro do bairro. Hoje, está irreconhecível: bancos quebrados, iluminação precária, mato alto e lixo acumulado. Os moradores evitam o local, especialmente à noite, com medo da violência. As crianças não têm onde brincar, e os idosos perderam seu espaço de convivência. A associação de moradores já tentou falar com a prefeitura várias vezes, sem sucesso. Um grupo de alunos do Ensino Médio, que estudou o Estatuto da Cidade nas aulas de Sociologia, decidiu agir. Eles acreditam que a revitalização da praça pode devolver ao bairro não apenas um espaço de lazer, mas também o senso de comunidade e pertencimento.",30 minutos,Médio,Publicado,8,"[""A prefeitura nunca destinou verba de manutenção contínua para a praça"",""Os bancos e a iluminação estão quebrados há anos sem reparo"",""O mato alto e o lixo acumulado afastam os moradores, especialmente à noite"",""A associação de moradores não tem canal de resposta eficaz com o poder público"",""A falta de uso constante da praça gerou ainda mais abandono e insegurança""]","[""Os moradores não gostam de espaços públicos"",""A praça é pequena demais para qualquer atividade"",""Não existem crianças suficientes no bairro para justificar o investimento"",""A prefeitura já reformou a praça recentemente""]",1784232839922,1784232839922,12c315b2-ad5c-45ab-bca1-36549e202d22,hack_desafios
desafio-memorias-que-o-tempo-apaga,As Memórias que o Tempo Apaga,Criatividade,"Seu Antônio tem 82 anos e é o morador mais antigo do bairro. Ele conhece cada esquina, cada casa, cada história. Sabe quem construiu a primeira capela, onde ficava o cinema antigo, qual era o time de futebol de várzea que fazia sucesso nos anos 1960. Mas Seu Antônio está cansado. Seus filhos se mudaram, seus amigos de juventude estão partindo, e ele tem medo de que, quando se for, todas essas memórias desapareçam junto com ele. Um grupo de alunos do Ensino Médio, durante uma atividade de História oral, entrevistou Seu Antônio e percebeu a riqueza do que ele guarda. Eles querem criar um projeto para preservar e compartilhar a memória do bairro — não apenas para Seu Antônio, mas para todas as pessoas que construíram a história do lugar onde vivem.",30 minutos,Médio,Publicado,9,"[""Os moradores mais antigos, como Seu Antônio, estão envelhecendo e não têm com quem compartilhar suas histórias"",""Não existe nenhum registro escrito, em vídeo ou digital da história oral do bairro"",""As famílias mais jovens se mudaram e perderam contato com a memória local"",""A escola nunca promoveu atividades de resgate da memória da comunidade""]","[""Os jovens não têm interesse nenhum em história"",""Não existem fotos antigas do bairro"",""A prefeitura já tem um museu da cidade que documenta tudo""]",1784232839922,1784232839922,12c315b2-ad5c-45ab-bca1-36549e202d22,hack_desafios
desafio-transporte-que-divide,O Transporte que Divide,Empreendedorismo,"Todos os dias, dezenas de alunos da Escola Estadual Professor Carvalho enfrentam o mesmo problema: o transporte público. O ônibus que passa perto da escola é apenas uma linha, que opera em horários irregulares e não atende todos os bairros. Muitos alunos chegam atrasados ou perdem as primeiras aulas. Outros dependem de caronas eventuais, e alguns simplesmente faltam quando chove, porque o ponto de ônibus não tem cobertura. A escola fica num bairro periférico, e a maioria das famílias não tem carro. Durante uma aula de Geografia sobre mobilidade urbana, os alunos perceberam que o problema não é só deles — é estrutural. Eles querem criar uma solução que melhore a mobilidade dos estudantes e, ao mesmo tempo, gere dados para pressionar o poder público por melhorias permanentes.",30 minutos,Médio,Publicado,10,"[""A linha de ônibus que serve o bairro é única e opera em horários irregulares"",""A escola fica em uma região periférica sem outras opções de transporte público"",""Os pontos de ônibus não têm cobertura, dificultando o acesso em dias de chuva"",""A maioria das famílias não possui carro próprio"",""Não existem dados organizados sobre atrasos e faltas para pressionar melhorias públicas""]","[""Os alunos preferem chegar atrasados de propósito"",""A escola poderia simplesmente mudar o horário de início das aulas para resolver tudo"",""Não há qualquer interesse dos alunos em resolver isso""]",1784232839922,1784232839922,12c315b2-ad5c-45ab-bca1-36549e202d22,hack_desafios
desafio-papel-amassado,O Papel Amassado,Sustentabilidade,"Toda sexta-feira, Dona Marta, a faxineira, enche dois sacos enormes com folhas de papel que os alunos jogam no lixo. A maioria são folhas usadas só de um lado, provas antigas e rascunhos amassados. Ela sabe que aquilo poderia ser reaproveitado, mas não tem tempo para separar. A escola não tem um sistema de coleta seletiva, e o papel misturado com restos de comida acaba no aterro sanitário. Um grupo de alunos do 6º ano percebeu a situação e quer fazer algo simples e rápido para mudar esse cenário.",20 minutos,Fácil,Publicado,11,"[""Não existe sistema de coleta seletiva de papel na escola"",""Muitas folhas usadas de um lado só são descartadas sem reaproveitamento"",""Os alunos não têm o hábito de separar papel do lixo comum"",""Dona Marta não tem tempo disponível para separar o material sozinha""]","[""Os alunos usam pouco papel no dia a dia"",""A escola não gera lixo o suficiente para justificar um projeto"",""Reciclagem de papel não compensa financeiramente""]",1784232839922,1784232839922,12c315b2-ad5c-45ab-bca1-36549e202d22,hack_desafios
desafio-som-que-atrapalha,O Som que Atrapalha,Tecnologia,"Nas salas do corredor principal, o barulho durante as aulas é constante: conversas altas, arrastar de carteiras, portas batendo. Os professores precisam elevar a voz e, mesmo assim, os alunos das fileiras do fundo reclamam que não escutam bem. A escola não tem dinheiro para reforma acústica. Um grupo de alunos do 7º ano, que está aprendendo sobre ondas sonoras em Ciências, quer criar uma solução simples e barata para reduzir o ruído nas salas.",20 minutos,Fácil,Publicado,12,"[""A escola não tem isolamento acústico ou reforma nas salas"",""Os alunos conversam alto e arrastam carteiras sem se dar conta do impacto sonoro"",""As portas batem sem nenhum mecanismo de amortecimento"",""Os alunos do fundo da sala não conseguem ouvir bem o professor por causa do ruído ambiente""]","[""Os professores não sabem dar aula"",""A sala é grande demais para qualquer solução funcionar"",""Os alunos das fileiras do fundo têm problema de audição""]",1784233730522,1784233730522,12c315b2-ad5c-45ab-bca1-36549e202d22,hack_desafios
desafio-prova-que-ninguem-entendeu,A Prova que Ninguém Entendeu,IA,"O professor de História passou uma prova difícil e, quando devolveu as notas, metade da turma foi mal. Os alunos alegaram que as perguntas eram confusas e que não tiveram tempo para estudar direito. O professor disse que a prova estava clara. Para evitar que isso se repita, um grupo de alunos quer criar um assistente virtual simples que ajude os colegas a entender as questões das provas e a organizar o tempo de estudo, sem dar respostas prontas.",20 minutos,Fácil,Publicado,13,"[""As questões da prova estavam formuladas de forma confusa para os alunos"",""Os alunos não tiveram tempo suficiente para organizar os estudos antes da prova"",""Não existe um canal de tira-dúvidas disponível fora do horário de aula"",""Os alunos não têm o hábito de revisar o conteúdo com antecedência""]","[""O professor não gosta dos alunos"",""A matéria de História é sempre difícil para todo mundo"",""Os alunos não estudaram porque preferem jogar videogame""]",1784233730522,1784233730522,12c315b2-ad5c-45ab-bca1-36549e202d22,hack_desafios
desafio-doce-que-ninguem-compra,O Doce que Ninguém Compra,Empreendedorismo,"Dona Vera é a doceira mais famosa do bairro, mas suas vendas caíram porque ela não sabe usar o celular para divulgar os produtos. Seus brigadeiros, bolos e cocadas são deliciosos, mas só quem passa em frente à sua janela sabe que ela vende. Os alunos da escola, que adoram os doces dela, querem ajudar Dona Vera a divulgar seu trabalho usando ferramentas simples e gratuitas, e de quebra aprender como ajudar outros pequenos comerciantes do bairro.",20 minutos,Fácil,Publicado,14,"[""Dona Vera não sabe usar ferramentas digitais para divulgar seus produtos"",""Só quem passa fisicamente em frente à casa dela sabe que ela vende doces"",""Não existe nenhum canal de contato rápido (como WhatsApp) para fazer encomendas"",""Pequenos comerciantes do bairro enfrentam a mesma dificuldade de divulgação""]","[""Os doces de Dona Vera não são mais tão bons quanto antes"",""Não existe demanda no bairro por doces caseiros"",""Dona Vera cobra caro demais pelos produtos""]",1784233730522,1784233730522,12c315b2-ad5c-45ab-bca1-36549e202d22,hack_desafios
desafio-merenda-que-sobra,A Merenda que Sobra,Ciências,"No refeitório da escola, todo dia é a mesma cena: frutas inteiras, pães e legumes voltam para a cozinha praticamente intocados. As crianças preferem comer salgadinhos e doces trazidos de casa, e a merendeira, Dona Fátima, fica triste vendo o desperdício. A nutricionista da escola explica que aqueles alimentos são essenciais para a saúde, mas o sabor e a apresentação não agradam os alunos. Um grupo do 5º ano quer melhorar a aceitação da merenda sem gastar dinheiro extra.",20 minutos,Fácil,Publicado,15,"[""O sabor e a apresentação dos alimentos saudáveis não agradam visualmente os alunos"",""Os alunos preferem trazer salgadinhos e doces de casa em vez de comer a merenda"",""Não existe um processo participativo dos alunos na escolha/apresentação do cardápio"",""Faltam campanhas educativas contínuas sobre a importância da alimentação saudável""]","[""A comida da escola é de má qualidade nutricional"",""Dona Fátima não sabe cozinhar bem"",""Não há verba nenhuma disponível para a merenda""]",1784233730522,1784233730522,12c315b2-ad5c-45ab-bca1-36549e202d22,hack_desafios
desafio-recreio-sem-graca,O Recreio Sem Graça,Criatividade,"O recreio da escola é sempre igual: os alunos ficam no pátio, correm um pouco e, quando chove, todos se amontoam nos corredores porque a quadra fica escorregadia. Não há jogos, brinquedos ou atividades organizadas. Um grupo de alunos do 4º ano sente falta de coisas divertidas para fazer durante os 20 minutos de intervalo e quer criar opções simples e baratas para deixar o recreio mais animado.",20 minutos,Fácil,Publicado,16,"[""Não existem jogos, brinquedos ou atividades organizadas disponíveis no recreio"",""A quadra fica escorregadia e inutilizável em dias de chuva, sem alternativa coberta"",""Não há nenhum espaço ou estrutura pensada para tornar o intervalo mais dinâmico"",""Os alunos não têm papel ativo na organização do próprio tempo de lazer na escola""]","[""Os alunos não gostam de brincar"",""O pátio é pequeno demais para qualquer atividade"",""A escola já tem uma boa estrutura de lazer, só falta divulgação""]",1784233730522,1784233730522,12c315b2-ad5c-45ab-bca1-36549e202d22,hack_desafios
desafio-muro-que-ninguem-ve,O Muro que Ninguém Vê,Liderança,"O muro lateral da escola está pichado e sujo há meses. Os vizinhos reclamam, mas ninguém toma providência. Os alunos do 9º ano acham que o muro poderia ser um cartão postal do bairro, e não um ponto de descuido. Eles querem revitalizar o muro com arte e, ao mesmo tempo, conscientizar sobre o respeito ao patrimônio público.",20 minutos,Fácil,Publicado,17,"[""O muro ficou pichado e sujo por meses sem qualquer intervenção da comunidade ou da prefeitura"",""Não existe um responsável definido pela manutenção e conservação do espaço"",""A falta de cuidado com o local incentiva novos atos de vandalismo"",""Os moradores reclamam mas não têm um canal organizado para cobrar providências""]","[""Os moradores gostam da aparência atual do muro"",""A escola não tem interesse na aparência do bairro"",""Não existe tinta ou material disponível em lugar nenhum da cidade""]",1784234746681,1784234746681,12c315b2-ad5c-45ab-bca1-36549e202d22,hack_desafios
desafio-festa-junina-que-quase-acabou,A Festa Junina que Quase Acabou,Criatividade,"A tradicional festa junina da escola corre o risco de não acontecer por falta de voluntários e ideias novas. As barracas estão repetitivas, poucos pais participam e os alunos mais velhos acham 'coisa de criança'. Um grupo de alunos do 8º ano quer resgatar a festa, valorizando a cultura local e envolvendo toda a comunidade escolar de um jeito novo, mas mantendo as tradições.",20 minutos,Fácil,Publicado,18,"[""Falta de voluntários para organizar as barracas e atividades da festa"",""As barracas são repetitivas ano após ano, sem novidades que atraiam o público"",""Os alunos mais velhos não se sentem representados na programação atual"",""Poucos pais participam ativamente da organização do evento""]","[""Os alunos não gostam de festas tradicionais"",""A direção decidiu cancelar a festa definitivamente"",""Não existe verba nenhuma disponível para qualquer atividade cultural""]",1784234746681,1784234746681,12c315b2-ad5c-45ab-bca1-36549e202d22,hack_desafios
desafio-caminho-da-escola,O Caminho da Escola,Empreendedorismo,"Muitos alunos que moram nos bairros vizinhos chegam atrasados porque a única linha de ônibus que passa perto da escola vive lotada e não tem horário fixo. Quem mora mais longe precisa andar quase 20 minutos do ponto até o portão, e em dias de chuva a situação piora. Os alunos do 7º ano querem criar uma solução simples para melhorar a pontualidade e a segurança no trajeto.",20 minutos,Fácil,Publicado,19,"[""Existe apenas uma linha de ônibus disponível, que opera lotada e sem horário fixo"",""O trajeto a pé do ponto de ônibus até a escola é longo, cerca de 20 minutos"",""Não há informação organizada sobre horários e rotas alternativas"",""Em dias de chuva, o problema de deslocamento se agrava significativamente""]","[""Os alunos chegam atrasados de propósito"",""A escola poderia simplesmente atrasar o horário de entrada para resolver tudo"",""Não existe interesse real dos alunos em resolver a mobilidade""]",1784234746681,1784234746681,12c315b2-ad5c-45ab-bca1-36549e202d22,hack_desafios
desafio-rio-que-o-progresso-escondeu,O Rio que o Progresso Escondeu,Sustentabilidade,"O Córrego das Pedras já foi o orgulho da cidade. Há cinquenta anos, as famílias pescavam e nadavam em suas águas cristalinas. Hoje, ele está canalizado sob a avenida principal, coberto por concreto, invisível para a maioria da população. O que sobrou a céu aberto é um fio de água barrenta, com lixo acumulado nas margens e cheiro forte de esgoto. Apenas os moradores mais antigos lembram do córrego vivo. Uma equipe de alunos do Ensino Médio, durante uma pesquisa de campo para a disciplina de Biologia, encontrou um relatório da Secretaria de Meio Ambiente que aponta a contaminação do lençol freático na região do antigo córrego, agravando as enchentes no período de chuvas. O documento recomenda a revitalização, mas o custo estimado é de milhões, e a prefeitura alega falta de verba. Os alunos acreditam que é possível iniciar um movimento que una poder público, iniciativa privada e comunidade para trazer o córrego de volta à vida, mesmo que em etapas.",40 minutos,Difícil,Publicado,20,"[""O córrego foi canalizado e coberto por concreto, perdendo sua função ecológica original"",""Existe contaminação documentada do lençol freático na região do antigo córrego"",""O lixo acumulado nas margens e o esgoto despejado agravam a poluição da água"",""A falta de investimento público contínuo impede a revitalização da área"",""A ausência de mata ciliar e áreas verdes aumenta o risco de enchentes na região""]","[""O córrego nunca teve água limpa em toda sua história"",""A canalização foi feita exclusivamente para proteger os moradores, sem efeitos colaterais"",""Não existe qualquer registro histórico do córrego vivo"",""A prefeitura já resolveu completamente o problema há anos""]",1784234746681,1784234746681,12c315b2-ad5c-45ab-bca1-36549e202d22,hack_desafios
desafio-cidade-no-escuro,A Cidade no Escuro,Tecnologia,"Bairros inteiros da periferia da cidade sofrem com quedas constantes de energia elétrica, especialmente em dias de chuva forte. Isso não só interrompe as aulas online e o funcionamento de postos de saúde, como também estraga alimentos e equipamentos. Os moradores já fizeram abaixo-assinados, mas a concessionária alega que a infraestrutura é antiga e a modernização depende de investimentos do governo federal. Um grupo de alunos do Ensino Médio, que participa de um clube de robótica, ficou revoltado ao ver a geladeira da escola, cheia de merenda, estragar depois de um apagão de 12 horas. Eles querem criar uma solução tecnológica comunitária que, além de minimizar os impactos das quedas, coleta dados consistentes para pressionar o poder público por uma solução definitiva.",40 minutos,Difícil,Publicado,21,"[""Infraestrutura elétrica antiga e sem manutenção adequada"",""Falta de investimento em modernização da rede pela concessionária"",""Chuvas fortes que sobrecarregam o sistema elétrico deficiente"",""Ausência de dados consistentes para pressionar o poder público""]","[""Os moradores usam energia elétrica de forma excessiva"",""A escola não paga as contas de luz em dia"",""Falta de vontade dos próprios moradores em resolver o problema"",""Os alunos não se interessam por tecnologia""]",1784236435338,1784236435338,12c315b2-ad5c-45ab-bca1-36549e202d22,hack_desafios
desafio-invisiveis-da-cidade,Os Invisíveis da Cidade,IA,"Mais de 280 mil pessoas vivem em situação de rua no Brasil, um número que cresceu significativamente na última década. Em uma grande capital, um grupo de alunos do Ensino Médio participou de uma ação voluntária de distribuição de sopa e ficou chocado com a quantidade de crianças e idosos dormindo nas calçadas. Eles perceberam que, além da fome e do frio, o maior problema é a invisibilidade: o poder público não tem dados precisos sobre essas pessoas, e muitas políticas sociais não chegam a quem precisa. Os alunos querem usar tecnologia e inteligência artificial para mapear, conectar e dar voz a essa população, respeitando sua privacidade e dignidade.",40 minutos,Difícil,Publicado,22,"[""Falta de dados precisos sobre a população em situação de rua"",""Políticas públicas que não conseguem alcançar quem mais precisa"",""Aumento do número de pessoas em situação de rua na última década"",""Invisibilidade social que impede o acesso a serviços básicos""]","[""As pessoas em situação de rua preferem viver assim"",""Falta de interesse da sociedade em ajudar"",""Os serviços de assistência social não existem na cidade"",""A causa é exclusivamente a falta de emprego""]",1784236435338,1784236435338,12c315b2-ad5c-45ab-bca1-36549e202d22,hack_desafios
desafio-talento-que-o-brasil-desperdica,O Talento que o Brasil Desperdiça,Empreendedorismo,"O Brasil é o país com o maior número de jovens ""nem-nem"" (que não estudam nem trabalham) da América Latina. São milhões de pessoas entre 18 e 24 anos que abandonaram a escola e não encontram emprego por falta de experiência e qualificação. Muitos têm talentos inexplorados: sabem cozinhar, consertar celulares, trançar cabelo, fazer unhas artísticas, mas não sabem como transformar isso em renda. Uma pesquisa feita por alunos do 3º ano do Ensino Médio na própria comunidade revelou dezenas de casos assim. Eles querem criar um ecossistema de apoio ao microempreendedorismo jovem, que vá além de um curso de capacitação e gere impacto duradouro.",40 minutos,Difícil,Publicado,23,"[""Falta de qualificação formal e experiência profissional dos jovens"",""Ausência de apoio para transformar habilidades informais em renda"",""Alto número de jovens que abandonaram os estudos"",""Falta de acesso a crédito e orientação para microempreendedorismo""]","[""Os jovens não têm talento ou vontade de trabalhar"",""Não existem empregos disponíveis em nenhum lugar do país"",""A educação pública é totalmente responsável pelo desemprego"",""Os jovens preferem não trabalhar""]",1784236435338,1784236435338,12c315b2-ad5c-45ab-bca1-36549e202d22,hack_desafios
desafio-epidemia-silenciosa,A Epidemia Silenciosa,Ciências,"A dengue, a zika e a chikungunya continuam fazendo milhares de vítimas todos os anos no Brasil, apesar das campanhas de prevenção. Em um bairro periférico de uma grande cidade, o posto de saúde registrou um aumento de 300% nos casos em relação ao ano anterior. As equipes de agentes de endemias são insuficientes, e muitos moradores desconfiam das visitas ou simplesmente não permitem a entrada em suas casas. Um grupo de alunos do Ensino Médio, que teve colegas e familiares doentes, decidiu agir. Eles querem criar uma solução que una tecnologia, mobilização comunitária e pressão política para reduzir os focos do mosquito e, ao mesmo tempo, melhorar o atendimento aos infectados.",40 minutos,Difícil,Publicado,24,"[""Acúmulo de água parada em terrenos baldios e residências"",""Equipes de agentes de endemias insuficientes para a demanda"",""Desconfiança dos moradores em relação às visitas dos agentes"",""Aumento expressivo de casos de dengue, zika e chikungunya""]","[""O clima quente é o único responsável pelas doenças"",""Os moradores são os únicos culpados pela proliferação do mosquito"",""As campanhas de prevenção nunca existiram"",""A vacina resolveria o problema imediatamente""]",1784236435338,1784236435338,12c315b2-ad5c-45ab-bca1-36549e202d22,hack_desafios
desafio-abismo-digital,O Abismo Digital,Criatividade,"Durante a pandemia, ficou claro que milhões de estudantes brasileiros não têm acesso à internet de qualidade ou a dispositivos adequados para o ensino remoto. Mesmo com a volta às aulas presenciais, a desigualdade digital persiste: muitos alunos não conseguem fazer pesquisas, entregar trabalhos online ou acessar plataformas educacionais. Na escola de um bairro carente, 40% dos alunos dependem exclusivamente do celular dos pais para estudar, e a conexão é instável. Um grupo de alunos do 2º ano do Ensino Médio, que sentiu essa dificuldade na pele, quer criar uma solução que garanta inclusão digital permanente para todos, independentemente de sua condição financeira.",40 minutos,Difícil,Publicado,25,"[""Falta de acesso à internet de qualidade em casa"",""Dependência exclusiva do celular dos pais para estudar"",""Ausência de dispositivos adequados (computadores, tablets) para os alunos"",""Desigualdade digital que persiste mesmo depois da pandemia""]","[""Os alunos não têm interesse em estudar"",""As escolas não oferecem aulas de qualidade"",""Os professores não sabem usar tecnologia"",""A internet é cara demais para qualquer pessoa ter acesso""]",1784236435338,1784236435338,12c315b2-ad5c-45ab-bca1-36549e202d22,hack_desafios
desafio-vazios-da-democracia,Os Vazios da Democracia,Liderança,"Nas últimas eleições municipais, o bairro registrou o maior índice de abstenção e votos nulos da cidade. Em uma aula de Sociologia, os alunos descobriram que a maioria dos jovens entre 16 e 18 anos não sabe o nome do seu vereador, nem o que um vereador faz. A descrença na política é enorme, mas os problemas do bairro são reais e dependem de representantes públicos para serem resolvidos. Os alunos querem criar uma iniciativa que aproxime os jovens da política de forma apartidária, educativa e engajadora, mostrando que a cidadania vai muito além do voto.",40 minutos,Difícil,Publicado,26,"[""Falta de conhecimento sobre o papel dos representantes políticos"",""Descrença e desinteresse dos jovens pela política"",""Ausência de educação política nas escolas"",""Alto índice de abstenção e votos nulos nas eleições""]","[""Os jovens não têm direito a voto"",""A política não afeta a vida do bairro"",""Os problemas do bairro não têm solução via representantes públicos"",""Falta de dinheiro é o único motivo do desinteresse político""]",1784241580911,1784241580911,12c315b2-ad5c-45ab-bca1-36549e202d22,hack_desafios
desafio-aldeia-que-a-cidade-engoliu,A Aldeia que a Cidade Engoliu,Criatividade,"A cidade cresceu e engoliu a antiga aldeia indígena que existia na região. Hoje, os descendentes dos povos originários vivem dispersos, muitos em situação de vulnerabilidade, e sua cultura está se apagando. A língua, as histórias, as técnicas de artesanato e os rituais estão confinados a algumas poucas famílias, que não encontram espaço para compartilhar seu legado. Uma aluna do Ensino Médio, que é bisneta de uma artesã indígena, levou o tema para a escola e descobriu que a maioria dos colegas nunca ouviu falar da história dos primeiros habitantes. Ela e seu grupo querem criar um projeto que resgate, preserve e divulgue essa cultura, combatendo o preconceito e valorizando a diversidade.",40 minutos,Difícil,Publicado,27,"[""Crescimento urbano que ocupou o território da aldeia original"",""Falta de espaços para os descendentes compartilharem sua cultura"",""Poucas famílias mantêm viva a língua e as tradições"",""Desconhecimento da história indígena local pelos moradores da cidade""]","[""Os povos indígenas escolheram abandonar sua cultura"",""Não existem mais descendentes indígenas na região"",""A cultura indígena não é relevante para a cidade atual"",""Falta de interesse dos próprios indígenas em preservar sua cultura""]",1784241580911,1784241580911,12c315b2-ad5c-45ab-bca1-36549e202d22,hack_desafios
desafio-fome-que-os-dados-nao-mostram,A Fome que os Dados Não Mostram,Empreendedorismo,"O Brasil voltou ao mapa da fome. Cerca de 33 milhões de pessoas estão em situação de insegurança alimentar grave. Paradoxalmente, toneladas de alimentos são desperdiçadas todos os dias em feiras, supermercados, restaurantes e até nas casas. Um grupo de alunos do Ensino Médio, chocado ao ver colegas desmaiando de fome na escola, decidiu pesquisar e descobriu que no bairro vizinho há um banco de alimentos municipal quase vazio, enquanto uma grande rede de supermercados descarta semanalmente centenas de quilos de frutas, legumes e pães que estão fora do ""padrão de beleza"" mas perfeitamente próprios para o consumo. Eles querem criar uma solução que conecte as pontas: reduzir o desperdício e alimentar quem precisa, de forma digna e sustentável.",40 minutos,Difícil,Publicado,28,"[""Desperdício de grandes quantidades de alimentos por supermercados e feiras"",""Banco de alimentos municipal com pouca oferta disponível"",""Falta de conexão entre quem desperdiça e quem precisa de alimento"",""Insegurança alimentar grave afetando milhões de pessoas no Brasil""]","[""Não há alimento suficiente produzido no Brasil"",""As famílias em situação de fome não se esforçam para conseguir comida"",""Os supermercados são obrigados por lei a descartar alimentos fora do padrão"",""A fome é um problema exclusivo de outros países""]",1784241580911,1784241580911,12c315b2-ad5c-45ab-bca1-36549e202d22,hack_desafios
desafio-luz-que-ninguem-apaga,A Luz que Ninguém Apaga,Sustentabilidade,"Na escola, as luzes das salas ficam acesas o dia inteiro, mesmo quando estão vazias. O gasto de energia é enorme, e a conta de luz consome recursos que poderiam ser usados em livros e materiais. Um grupo de alunos do 6º ano quer reduzir o desperdício de energia elétrica com uma solução simples.",20 minutos,Fácil,Publicado,29,"[""Alunos e professores esquecem de apagar as luzes ao saírem das salas"",""Ausência de sistema de aviso/lembrete nas salas"",""Falta de cultura de economia de energia na escola"",""Salas vazias com luzes e equipamentos ligados""]","[""A conta de luz da escola é paga pelo governo sem custo"",""As lâmpadas usadas já são econômicas o suficiente"",""Não é possível reduzir o consumo de energia em escolas"",""O gasto de energia elétrica não impacta o orçamento da escola""]",1784241580924,1784241580924,12c315b2-ad5c-45ab-bca1-36549e202d22,hack_desafios
desafio-celular-que-atrapalha,O Celular que Atrapalha,Tecnologia,"Durante as aulas, muitos alunos se distraem com o celular, prejudicando o aprendizado. Os professores já tentaram proibir, mas a medida gerou conflitos. Um grupo de alunos do 8º ano quer criar uma solução que ajude a controlar o uso do celular sem proibir, transformando-o em aliado do aprendizado.",20 minutos,Fácil,Publicado,30,"[""Uso do celular durante as aulas para redes sociais e jogos"",""Ausência de regras claras sobre o uso do celular na escola"",""Falta de estratégias que unam tecnologia e aprendizado"",""Tentativas de proibição total do celular gerando conflitos""]","[""Os alunos não têm interesse em aprender de forma alguma"",""Os professores não sabem dar aula"",""Os celulares são proibidos por lei em todas as escolas"",""A tecnologia é sempre prejudicial ao aprendizado""]",1784241580924,1784241580924,12c315b2-ad5c-45ab-bca1-36549e202d22,hack_desafios
desafio-trabalho-que-sumiu,O Trabalho que Sumiu,IA,"Vários alunos perderam o prazo de entrega de um trabalho importante porque anotaram a data errada na agenda. A professora não aceitou trabalhos atrasados. Um grupo quer criar um assistente virtual simples que ajude os colegas a organizar prazos, provas e tarefas.",20 minutos,Fácil,Publicado,31,"[""Falta de um sistema organizado de lembretes de prazos"",""Anotações manuais sujeitas a erro na agenda"",""Ausência de comunicação de reforço sobre datas importantes"",""Dependência exclusiva da memória dos alunos""]","[""Desinteresse dos alunos pelos estudos"",""Falta de exigência dos professores"",""Muitas atividades extracurriculares""]",1784242528740,1784242528740,12c315b2-ad5c-45ab-bca1-36549e202d22,hack_desafios
desafio-hortinha-da-escola,A Hortinha da Escola,Empreendedorismo,"A escola tem um terreno baldio nos fundos. Um grupo de alunos quer transformá-lo em uma horta que, além de fornecer temperos para a merenda, possa vender o excedente para a comunidade e gerar renda para formatura.",20 minutos,Fácil,Publicado,32,"[""Terreno da escola sem uso produtivo"",""Falta de fonte extra de renda para atividades da escola"",""Ausência de um projeto estruturado de horta escolar"",""Falta de conexão entre alunos e produção sustentável de alimentos""]","[""Desinteresse dos alunos por agricultura"",""Falta de espaço na escola"",""Clima desfavorável para plantio""]",1784242528740,1784242528740,12c315b2-ad5c-45ab-bca1-36549e202d22,hack_desafios
desafio-mochila-pesada,A Mochila Pesada,Ciências,"Muitos alunos reclamam de dores nas costas por causa do peso excessivo das mochilas. A enfermeira da escola já alertou sobre o problema, mas ninguém sabe como resolver. Um grupo quer criar uma campanha para reduzir o peso carregado diariamente.",20 minutos,Fácil,Publicado,33,"[""Excesso de materiais didáticos exigidos diariamente"",""Falta de armários ou espaços de guarda na escola"",""Ausência de orientação sobre postura e peso adequado"",""Falta de alternativas digitais aos livros físicos""]","[""Alunos que exageram ao carregar itens pessoais"",""Mochilas de baixa qualidade"",""Falta de exercício físico dos alunos""]",1784242528740,1784242528740,12c315b2-ad5c-45ab-bca1-36549e202d22,hack_desafios
desafio-reforco-que-ninguem-pede,O Reforço que Ninguém Pede,Criatividade,"Muitos alunos têm vergonha de pedir ajuda quando não entendem a matéria. As notas baixas só aparecem na prova, quando já é tarde. Um grupo quer criar um sistema anônimo de reforço escolar.",20 minutos,Fácil,Publicado,34,"[""Vergonha dos alunos de admitir dificuldades"",""Falta de canais anônimos de tirar dúvidas"",""Ausência de um sistema estruturado de monitoria"",""Feedback tardio (só na prova) sobre o desempenho""]","[""Falta de capacidade dos alunos"",""Professores despreparados"",""Currículo muito difícil""]",1784242528740,1784242528740,12c315b2-ad5c-45ab-bca1-36549e202d22,hack_desafios
desafio-calcada-que-some,A Calçada que Some,Liderança,A calçada em frente à escola está esburacada e coberta de mato. Idosos e cadeirantes precisam andar na rua. Os alunos querem fazer algo para garantir a acessibilidade.,20 minutos,Fácil,Publicado,35,"[""Falta de manutenção da calçada pela prefeitura"",""Ausência de fiscalização sobre acessibilidade urbana"",""Falta de mobilização formal da comunidade sobre o problema"",""Crescimento de vegetação não controlada""]","[""Descuido dos próprios moradores"",""Falta de interesse dos alunos em questões urbanas"",""Excesso de chuvas na região""]",1784242528740,1784242528740,12c315b2-ad5c-45ab-bca1-36549e202d22,hack_desafios
desafio-radio-muda,A Rádio Muda,Criatividade,"A escola tinha uma rádio interna que está desativada há anos. Os equipamentos estão empoeirados na sala de audiovisual. Um grupo quer reativar a rádio para divulgar música, notícias e a cultura local.",20 minutos,Fácil,Publicado,36,"[""Equipamentos de rádio abandonados e sem manutenção"",""Falta de alunos responsáveis pela programação"",""Ausência de interesse da direção em reativar o espaço"",""Falta de conteúdo cultural relevante para o público estudantil""]","[""Falta de interesse dos alunos por rádio"",""Equipamentos tecnologicamente obsoletos demais para uso"",""Falta de espaço físico na escola""]",1784242528740,1784242528740,12c315b2-ad5c-45ab-bca1-36549e202d22,hack_desafios
desafio-uniforme-que-nao-serve-mais,O Uniforme que Não Serve Mais,Empreendedorismo,"Muitas famílias não têm dinheiro para comprar uniformes novos, e alunos usam roupas desgastadas. Ao mesmo tempo, famílias jogam fora uniformes em bom estado porque os filhos cresceram. Um grupo quer criar uma solução de reaproveitamento.",20 minutos,Fácil,Publicado,37,"[""Custo alto de uniformes novos para famílias de baixa renda"",""Falta de um sistema de reaproveitamento de uniformes usados"",""Crescimento das crianças torna uniformes obsoletos rapidamente"",""Ausência de cultura de doação/troca na comunidade escolar""]","[""Descuido das famílias com os uniformes"",""Falta de qualidade dos uniformes vendidos"",""Exigência excessiva da escola quanto à aparência do uniforme""]",1784242528740,1784242528740,12c315b2-ad5c-45ab-bca1-36549e202d22,hack_desafios
desafio-oleo-que-contamina,O Óleo que Contamina,Sustentabilidade,"Dona Maria, dona de uma pastelaria em frente à escola, despeja o óleo de fritura usado no ralo da pia há anos. Ela não sabia que um litro de óleo contamina 25 mil litros de água. Os alunos de Ciências fizeram a conta e se assustaram. Agora querem criar uma solução para coletar o óleo da pastelaria e de outros comércios do bairro, transformando um problema ambiental em oportunidade.",30 minutos,Médio,Publicado,38,"[""Falta de conhecimento sobre o impacto ambiental do descarte de óleo"",""Ausência de pontos de coleta acessíveis para os comerciantes"",""Falta de política municipal de logística reversa do óleo usado"",""Falta de incentivo econômico para o descarte correto""]","[""Falta de água tratada suficiente no bairro"",""Desinteresse dos comerciantes pelo meio ambiente"",""Fiscalização ambiental excessiva""]",1784243028562,1784243028562,12c315b2-ad5c-45ab-bca1-36549e202d22,hack_desafios
desafio-horta-automatizada,A Horta Automatizada,Tecnologia,A horta comunitária do bairro está morrendo por falta de cuidados constantes. Os voluntários trabalham e não têm tempo de regar todos os dias. Um grupo do clube de robótica quer automatizar a irrigação usando tecnologia de baixo custo.,30 minutos,Médio,Publicado,39,"[""Falta de disponibilidade diária dos voluntários para regar"",""Ausência de sistema de irrigação automático"",""Dependência exclusiva de trabalho manual e voluntário"",""Falta de monitoramento da umidade do solo""]","[""Solo de baixa qualidade para plantio"",""Falta de interesse da comunidade pela horta"",""Clima muito seco na região""]",1784243028562,1784243028562,12c315b2-ad5c-45ab-bca1-36549e202d22,hack_desafios
desafio-diagnostico-que-demora,O Diagnóstico que Demora,IA,"No posto de saúde do bairro, os pacientes esperam semanas por uma consulta com especialista. Muitos desistem e voltam para casa sem diagnóstico. Um grupo de alunos, em parceria com um professor de Biologia, quer usar IA para criar um sistema de triagem que acelere o atendimento sem substituir o médico.",30 minutos,Médio,Publicado,40,"[""Falta de triagem eficiente antes da consulta com especialista"",""Excesso de demanda em relação à capacidade de atendimento"",""Ausência de sistema digital de organização de filas"",""Falta de informação prévia sobre os sintomas do paciente""]","[""Falta de médicos dispostos a trabalhar no posto"",""Pacientes que faltam às consultas agendadas"",""Falta de recursos financeiros do posto de saúde""]",1784243028562,1784243028562,12c315b2-ad5c-45ab-bca1-36549e202d22,hack_desafios
desafio-loja-vazia,A Loja Vazia,Empreendedorismo,"Várias lojas do centro comercial do bairro fecharam após a crise. Os imóveis estão vazios, e o movimento caiu. Um grupo de alunos do curso técnico em Administração quer criar um projeto para revitalizar o comércio local, atraindo novos negócios e consumidores.",30 minutos,Médio,Publicado,41,"[""Queda do movimento de consumidores no centro comercial"",""Falta de estratégia conjunta de divulgação dos comerciantes"",""Ausência de eventos que atraiam público para a região"",""Falta de visibilidade digital dos comerciantes locais""]","[""Preços muito altos praticados pelos comerciantes"",""Falta de estacionamento na região"",""Concorrência desleal de grandes redes""]",1784243028562,1784243028562,12c315b2-ad5c-45ab-bca1-36549e202d22,hack_desafios
desafio-ar-que-adoece,O Ar que Adoece,Ciências,"O bairro registra altos índices de doenças respiratórias, especialmente em crianças e idosos. Uma investigação dos alunos descobriu que uma fábrica próxima emite fumaça escura, e há indícios de que esteja acima dos limites legais. Eles querem medir a qualidade do ar e agir.",30 minutos,Médio,Publicado,42,"[""Emissão de fumaça acima dos limites legais por fábrica próxima"",""Falta de monitoramento público da qualidade do ar"",""Ausência de fiscalização ambiental eficaz na região"",""Falta de áreas verdes que ajudem a filtrar a poluição""]","[""Alta umidade do ar na região"",""Hábitos alimentares da população local"",""Falta de exercícios físicos dos moradores""]",1784243028562,1784243028562,12c315b2-ad5c-45ab-bca1-36549e202d22,hack_desafios
desafio-professor-que-falta,O Professor que Falta,Criatividade,"A escola sofre com a falta frequente de professores substitutos. Quando um professor adoece, os alunos ficam sem aula ou são divididos entre outras turmas. Um grupo quer criar um sistema para minimizar o impacto dessas ausências.",30 minutos,Médio,Publicado,43,"[""Falta de professores substitutos disponíveis"",""Ausência de material de aula preparado para emergências"",""Falta de um sistema organizado de monitoria entre alunos"",""Comunicação tardia sobre a ausência do professor""]","[""Desinteresse dos alunos pelas aulas"",""Falta de disciplina dos alunos sem professor"",""Currículo escolar extenso demais""]",1784243028562,1784243028562,12c315b2-ad5c-45ab-bca1-36549e202d22,hack_desafios
desafio-transporte-invisivel,O Transporte Invisível,Liderança,"Os moradores de um bairro periférico precisam andar 2 km até o ponto de ônibus mais próximo. Não há linha que atenda a região. Um abaixo-assinado já foi entregue, mas a prefeitura alega falta de viabilidade. Os alunos querem criar uma solução de mobilidade.",30 minutos,Médio,Publicado,44,"[""Ausência de linha de ônibus atendendo a região"",""Falta de dados que comprovem a demanda real de transporte"",""Falta de pressão organizada da comunidade sobre a prefeitura"",""Ausência de alternativas de mobilidade complementares""]","[""Falta de interesse dos moradores em usar transporte público"",""Ruas do bairro em mau estado de conservação"",""Excesso de veículos particulares na região""]",1784243028562,1784243028562,12c315b2-ad5c-45ab-bca1-36549e202d22,hack_desafios
desafio-lingua-que-se-perde,A Língua que se Perde,Criatividade,"Uma comunidade de imigrantes instalada na cidade está perdendo sua língua materna. Os mais velhos falam entre si, mas as crianças só usam o português. Uma aluna neta de imigrantes quer preservar esse patrimônio cultural.",30 minutos,Médio,Publicado,45,"[""Falta de espaços de prática da língua materna entre gerações"",""Ausência de material educativo acessível sobre a língua"",""Predominância do português em todos os ambientes das crianças"",""Falta de valorização social do bilinguismo na comunidade""]","[""Falta de inteligência das crianças para aprender duas línguas"",""Desinteresse dos imigrantes pela própria cultura"",""Proibição oficial do uso de outras línguas""]",1784243028562,1784243028562,12c315b2-ad5c-45ab-bca1-36549e202d22,hack_desafios
desafio-lixo-que-vale-ouro,O Lixo que Vale Ouro,Empreendedorismo,"Catadores de material reciclável do bairro trabalham em condições precárias, ganhando pouco e sem nenhum apoio. Uma cooperativa até existe, mas não tem estrutura. Alunos querem criar uma solução para dignificar e aumentar a renda desses trabalhadores.",30 minutos,Médio,Publicado,46,"[""Falta de estrutura e equipamentos para a cooperativa de catadores"",""Ausência de conexão direta entre doadores de recicláveis e catadores"",""Baixo valor pago pelo material reciclado sem intermédio justo"",""Falta de reconhecimento social do trabalho dos catadores""]","[""Falta de vontade dos catadores de se organizar"",""Pouca quantidade de lixo reciclável gerada no bairro"",""Desinteresse da população em reciclar""]",1784243028562,1784243028562,12c315b2-ad5c-45ab-bca1-36549e202d22,hack_desafios
desafio-aquifero-ameacado,O Aquífero Ameaçado,Sustentabilidade,"Um importante aquífero que abastece três estados brasileiros está sendo contaminado por agrotóxicos e esgoto não tratado. Estudos indicam que, se o ritmo continuar, a água ficará imprópria em 20 anos. A região responde por 40% da produção de grãos do país. Alunos de uma escola técnica agrícola querem propor uma solução de equilíbrio entre produção e preservação.",40 minutos,Difícil,Publicado,47,"[""Uso excessivo e sem controle de agrotóxicos na agricultura da região"",""Despejo de esgoto não tratado diretamente no solo/lençol freático"",""Falta de fiscalização e monitoramento contínuo da qualidade da água do aquífero"",""Ausência de políticas regionais integradas entre os três estados afetados"",""Modelo de produção agrícola priorizando produtividade em detrimento da sustentabilidade""]","[""Escassez natural de chuvas na região"",""Excesso de extração de água para consumo humano"",""Falta de educação ambiental nas escolas da região""]",1784243586195,1784243586195,12c315b2-ad5c-45ab-bca1-36549e202d22,hack_desafios
desafio-cidade-desconectada,A Cidade Desconectada,Tecnologia,"Cerca de 20% dos municípios brasileiros ainda não têm cobertura de internet de qualidade. Isso afeta educação, saúde, comércio e cidadania. Alunos de uma escola no semiárido sofrem com isso diariamente. Eles querem propor uma solução de conectividade acessível para regiões remotas.",40 minutos,Difícil,Publicado,48,"[""Falta de infraestrutura de telecomunicações em municípios remotos"",""Baixo interesse comercial das operadoras em investir em regiões de baixa densidade populacional"",""Ausência de políticas públicas efetivas de inclusão digital rural"",""Alto custo de instalação de infraestrutura tradicional em áreas remotas""]","[""Falta de interesse da população local pela internet"",""Clima do semiárido que impede sinal de internet"",""Falta de energia elétrica em toda a região""]",1784243586195,1784243586195,12c315b2-ad5c-45ab-bca1-36549e202d22,hack_desafios
desafio-enem-desigual,O Enem Desigual,IA,"Estudantes de escolas públicas têm desempenho muito inferior no ENEM em comparação com alunos de escolas privadas. A diferença não está apenas no conteúdo, mas no acesso a simulados, correção de redações e planos de estudo personalizados. Um grupo quer usar IA para democratizar a preparação.",40 minutos,Difícil,Publicado,49,"[""Falta de acesso a simulados e materiais de preparação de qualidade"",""Ausência de correção de redação acessível e frequente para alunos de escola pública"",""Falta de planos de estudo personalizados conforme o desempenho de cada aluno"",""Desigualdade estrutural de recursos entre escolas públicas e privadas""]","[""Menor inteligência dos alunos de escola pública"",""Falta de interesse dos alunos de escola pública pelos estudos"",""Currículo do ENEM feito para favorecer escolas privadas""]",1784243586195,1784243586195,12c315b2-ad5c-45ab-bca1-36549e202d22,hack_desafios
desafio-quebrada-que-empreende,A Quebrada que Empreende,Empreendedorismo,"Nas periferias brasileiras, o desemprego entre jovens chega a 30%. Muitos têm talentos, mas não têm acesso a crédito, capacitação ou mercado. Um grupo de alunos quer criar um ecossistema de apoio ao empreendedorismo periférico.",40 minutos,Difícil,Publicado,50,"[""Falta de acesso a crédito e microfinanciamento para jovens da periferia"",""Ausência de capacitação em gestão e empreendedorismo nessas regiões"",""Falta de canais de acesso ao mercado para produtos e serviços locais"",""Desemprego estrutural elevado entre jovens periféricos""]","[""Falta de talento e criatividade dos jovens da periferia"",""Desinteresse dos jovens em trabalhar"",""Excesso de burocracia que afeta igualmente todos os empreendedores do país""]",1784243586195,1784243586195,12c315b2-ad5c-45ab-bca1-36549e202d22,hack_desafios
desafio-sus-que-espera,O Sus que Espera,Ciências,A fila para cirurgias eletivas no SUS ultrapassa um milhão de pessoas. Pacientes esperam anos por procedimentos simples. Alunos de uma escola que tem um posto de saúde ao lado querem criar um sistema de gestão e transparência para reduzir esse tempo.,40 minutos,Difícil,Publicado,51,"[""Falta de gestão eficiente das filas de espera por procedimentos"",""Ausência de transparência pública sobre os tempos reais de espera"",""Capacidade insuficiente de atendimento em relação à demanda"",""Falta de critérios claros e públicos de priorização de casos""]","[""Falta de médicos dispostos a atuar no SUS"",""Pacientes que desistem dos procedimentos por conta própria"",""Excesso de exames solicitados pelos médicos""]",1784243586195,1784243586195,12c315b2-ad5c-45ab-bca1-36549e202d22,hack_desafios
desafio-ensino-medio-que-ninguem-quer,O Ensino Médio que Ninguém Quer,Criatividade,"A evasão escolar no Ensino Médio atinge 30% em algumas regiões. Os motivos vão desde necessidade de trabalhar até falta de identificação com o currículo. Alunos querem propor um modelo que reduza a evasão, tornando a escola mais atrativa e conectada com o mundo do trabalho.",40 minutos,Difícil,Publicado,52,"[""Necessidade de trabalhar interrompendo os estudos de jovens de baixa renda"",""Falta de identificação do currículo atual com a realidade e interesses dos alunos"",""Ausência de conexão entre o Ensino Médio e o mundo do trabalho"",""Falta de apoio financeiro para alunos em risco de evasão""]","[""Desinteresse geral dos jovens pelos estudos"",""Falta de disciplina dos alunos do Ensino Médio"",""Excesso de conteúdo nas matérias obrigatórias""]",1784243586195,1784243586195,12c315b2-ad5c-45ab-bca1-36549e202d22,hack_desafios
desafio-filhos-do-encarceramento,Os Filhos do Encarceramento,Liderança,"O Brasil tem a terceira maior população carcerária do mundo. Milhares de crianças e adolescentes são filhos de pessoas encarceradas e sofrem com estigma, abandono e falta de políticas públicas. Alunos querem criar uma rede de apoio para esses jovens.",40 minutos,Difícil,Publicado,53,"[""Falta de políticas públicas específicas para filhos de pessoas encarceradas"",""Estigma social que afeta a inclusão escolar e comunitária dessas crianças"",""Ausência de suporte psicológico e acompanhamento adequado"",""Falta de rede de apoio comunitário para essas famílias""]","[""Falta de inteligência dessas crianças"",""Desinteresse das famílias em cuidar dos filhos"",""Comportamento agressivo inerente a essas crianças""]",1784243586195,1784243586195,12c315b2-ad5c-45ab-bca1-36549e202d22,hack_desafios
desafio-patrimonio-que-desaba,O Patrimônio que Desaba,Criatividade,"O centro histórico de uma cidade colonial está em ruínas. Prédios tombados desabando, enquanto a especulação imobiliária pressiona. Os moradores antigos estão sendo expulsos. Alunos querem criar um projeto de preservação que una patrimônio, turismo e moradia.",40 minutos,Difícil,Publicado,54,"[""Falta de manutenção e restauro dos prédios históricos tombados"",""Pressão da especulação imobiliária sobre o centro histórico"",""Ausência de política pública de preservação aliada à permanência dos moradores"",""Falta de fontes de renda ligadas ao turismo e à cultura local""]","[""Descuido dos próprios moradores com os imóveis"",""Falta de interesse turístico pela cidade"",""Excesso de chuvas causando os desabamentos""]",1784243586195,1784243586195,12c315b2-ad5c-45ab-bca1-36549e202d22,hack_desafios
desafio-refugiados-invisiveis,Os Refugiados Invisíveis,Empreendedorismo,"O Brasil recebe milhares de refugiados de países como Venezuela, Haiti e Síria. Muitos enfrentam xenofobia, barreiras linguísticas e dificuldades para validar diplomas e entrar no mercado de trabalho. Alunos de uma escola que tem vários refugiados querem criar uma solução de integração.",40 minutos,Difícil,Publicado,55,"[""Barreira linguística dificultando a integração social e profissional"",""Dificuldade de validação de diplomas e qualificações estrangeiras"",""Xenofobia e discriminação dificultando o acesso ao mercado de trabalho"",""Falta de políticas públicas efetivas de acolhimento e integração""]","[""Falta de qualificação profissional dos refugiados"",""Desinteresse dos refugiados em se integrar à sociedade brasileira"",""Excesso de refugiados chegando ao país""]",1784243586195,1784243586195,12c315b2-ad5c-45ab-bca1-36549e202d22,hack_desafios
desafio-jardim-que-morreu,O Jardim que Morreu,Sustentabilidade,"O jardim da escola, antes florido e cheio de vida, agora está seco e tomado pelo mato. A direção não tem verba para contratar um jardineiro, e os professores estão ocupados demais para cuidar das plantas. Um grupo de alunos do 5º ano sente falta das flores e das borboletas que visitavam o jardim. Eles querem reviver esse espaço com plantas que exigem pouca água e cuidados simples, transformando o jardim em um lugar bonito e educativo.",20 minutos,Fácil,Publicado,56,"[""Falta de verba para contratar manutenção regular do jardim"",""Ausência de responsáveis fixos pelo cuidado contínuo das plantas"",""Escolha original de espécies que exigem muita água e cuidado"",""Falta de um calendario/rotina organizada de rega e manutenção""]","[""Falta de interesse dos alunos por jardinagem"",""Solo da escola imprestavel para plantio"",""Clima muito seco na região o ano inteiro""]",1784243938308,1784243938308,12c315b2-ad5c-45ab-bca1-36549e202d22,hack_desafios
desafio-quadro-que-nao-apaga,O Quadro que Não Apaga,Tecnologia,"Na sala do 7º ano, o quadro branco está tão manchado que quase não se pode ler o que os professores escrevem. As canetas são caras e duram pouco, e o produto de limpeza adequado nunca está disponível. Vários alunos reclamam que não conseguem copiar a matéria direito e suas notas estão caindo. Um grupo de estudantes quer encontrar uma solução acessível para melhorar a visibilidade das aulas e o aprendizado de todos.",20 minutos,Fácil,Publicado,57,"[""Falta de produtos de limpeza adequados disponíveis na escola"",""Uso de canetas de baixa qualidade que mancham o quadro com facilidade"",""Ausência de rotina de manutenção e limpeza do quadro"",""Falta de verba para reposição regular de canetas e materiais""]","[""Falta de cuidado dos alunos com o quadro"",""Quadro branco de qualidade inferior desde a instalação"",""Excesso de uso do quadro pelos professores""]",1784243938308,1784243938308,12c315b2-ad5c-45ab-bca1-36549e202d22,hack_desafios
desafio-trabalho-copiado,O Trabalho Copiado,IA,"A professora de História está frustrada. Nas últimas três turmas, ela encontrou trabalhos inteiros copiados da internet, sem nenhuma reflexão dos alunos. Ela sabe que os jovens sabem pesquisar, mas muitos não sabem como usar a informação de forma ética e criativa. Um grupo de alunos, que também está cansado de ver colegas colando, quer criar uma ferramenta que ajude os estudantes a gerar ideias originais usando inteligência artificial, em vez de simplesmente copiar textos prontos.",20 minutos,Fácil,Publicado,58,"[""Alunos não sabem como usar fontes de pesquisa de forma ética e correta"",""Falta de orientação sobre como citar e referenciar textos"",""Pressão por notas rápidas leva a copiar em vez de refletir"",""Ausência de ferramentas que ajudem a organizar e gerar ideias próprias""]","[""Os alunos são naturalmente desonestos"",""A internet deveria ser proibida na escola"",""Os professores não revisam os trabalhos""]",1784245842672,1784245842672,12c315b2-ad5c-45ab-bca1-36549e202d22,hack_desafios
desafio-barraquinha-vazia,A Barraquinha Vazia,Empreendedorismo,"Um grupo de alunos do 9º ano quer vender lanches saudáveis durante o recreio, mas não sabe por onde começar. Eles já tentaram improvisar, mas não tiveram lucro e acabaram comendo o próprio estoque. Precisam de um plano de negócios simples para entender custos, precificação, divulgação e vendas. O sonho deles é usar o dinheiro arrecadado para a formatura, mas também querem oferecer uma alternativa mais saudável aos salgadinhos industrializados da cantina.",20 minutos,Fácil,Publicado,59,"[""Falta de planejamento de custos e precificação dos lanches"",""Ausência de pesquisa sobre o que os colegas realmente querem comprar"",""Nenhum controle de estoque, gerando desperdício e prejuízo"",""Falta de divulgação para atrair compradores no recreio""]","[""Os alunos não gostam de comida saudável"",""A cantina da escola proíbe a venda de lanches"",""Não há verba nenhuma disponível na escola""]",1784245842672,1784245842672,12c315b2-ad5c-45ab-bca1-36549e202d22,hack_desafios
desafio-falta-de-sono,A Falta de Sono,Ciências,"Muitos alunos estão chegando atrasados na primeira aula, com olheiras e bocejando. A professora de Ciências fez uma enquete rápida e descobriu que a maioria dorme menos de 7 horas por noite, principalmente por causa do uso de celular até tarde. Alguns relatam insônia, outros ficam em redes sociais, e há aqueles que simplesmente não conseguem ""desligar"". A professora alertou que a falta de sono prejudica a memória, a concentração e o sistema imunológico. Um grupo de alunos preocupados quer criar uma campanha para melhorar a qualidade do sono na escola.",20 minutos,Fácil,Publicado,60,"[""Uso excessivo do celular e redes sociais até tarde da noite"",""Falta de rotina e horários regulares para dormir"",""Ausência de informação sobre a importância da higiene do sono"",""Estímulos luminosos de telas antes de dormir dificultam o sono""]","[""Os alunos preferem estudar de madrugada"",""A escola começa muito tarde"",""Falta de café da manhã nutritivo""]",1784245842672,1784245842672,12c315b2-ad5c-45ab-bca1-36549e202d22,hack_desafios
desafio-livro-perdido,O Livro Perdido,Criatividade,"A biblioteca da escola não tem um sistema de controle de empréstimos. Tudo é anotado em um caderno que vive se perdendo. Muitos livros somem, outros ficam meses na mochila de alguém que esqueceu de devolver. A bibliotecária, Dona Lúcia, está desanimada. Um grupo de alunos do 8º ano, que adora ler, quer criar um sistema simples e eficiente para gerenciar os empréstimos e garantir que os livros estejam sempre disponíveis para quem precisa.",20 minutos,Fácil,Publicado,61,"[""Não existe sistema de controle dos empréstimos de livros"",""Registros feitos em caderno se perdem facilmente"",""Falta de cobrança organizada das devoluções"",""Ausência de visibilidade sobre quais livros estão disponíveis""]","[""Os alunos não gostam de ler"",""A biblioteca tem poucos livros"",""A bibliotecária não se importa com os livros""]",1784245842672,1784245842672,12c315b2-ad5c-45ab-bca1-36549e202d22,hack_desafios
desafio-sinal-que-nao-abre,O Sinal que Não Abre,Liderança,"O semáforo em frente à escola está piscando amarelo há três semanas. Ninguém sabe se é falha ou se foi desligado de propósito. O resultado é um caos: motoristas não param, pedestres correm para atravessar, e quase aconteceram atropelamentos. A diretora já ligou para a prefeitura duas vezes, mas nada foi feito. Um grupo de alunos do 9º ano, preocupados com a segurança de todos, quer resolver esse problema.",20 minutos,Fácil,Publicado,62,"[""O semáforo está com defeito há semanas sem manutenção"",""A prefeitura não respondeu aos pedidos de conserto"",""Falta de sinalização alternativa enquanto o problema não é resolvido"",""Ausência de cobrança formal e organizada da comunidade escolar""]","[""Os motoristas da região são imprudentes por natureza"",""A escola fica em um lugar perigoso"",""Não há verba nenhuma para semáforos na cidade""]",1784245842672,1784245842672,12c315b2-ad5c-45ab-bca1-36549e202d22,hack_desafios
desafio-danca-que-ninguem-ve,A Dança que Ninguém Vê,Criatividade,"Um grupo de dança formado por alunos do Ensino Médio existe há dois anos, mas quase ninguém na escola sabe. Eles ensaiam no contraturno, num cantinho do pátio, sem figurino, sem som adequado e sem plateia. Os integrantes estão desanimados porque nunca têm a chance de mostrar seu trabalho. Eles querem valorizar a dança como expressão cultural e artística e, de quebra, animar a rotina escolar.",20 minutos,Fácil,Publicado,63,"[""O grupo de dança não tem espaço adequado para ensaiar e se apresentar"",""Falta de divulgação sobre a existência do grupo dentro da escola"",""Ausência de figurino, som e estrutura para apresentações"",""Nenhuma oportunidade formal de mostrar o trabalho artístico""]","[""Os alunos da escola não gostam de dança"",""A escola não tem verba nenhuma para cultura"",""Os integrantes do grupo não são talentosos o suficiente""]",1784245842672,1784245842672,12c315b2-ad5c-45ab-bca1-36549e202d22,hack_desafios
desafio-carteira-que-pesa,A Carteira que Pesa,Empreendedorismo,"Na cantina da escola, a fila anda devagar porque todo mundo paga com dinheiro e o troco nunca é exato. As moedas se acumulam, a cantineira se atrapalha, e o recreio termina antes de todos serem atendidos. Além disso, alguns alunos perdem dinheiro ou esquecem a carteira em casa. Um grupo de alunos do Ensino Médio, que estuda sistemas de pagamento nas aulas de Matemática, quer criar uma solução digital para agilizar as compras e reduzir o uso de dinheiro em espécie.",20 minutos,Fácil,Publicado,64,"[""Pagamentos em dinheiro deixam o atendimento lento na cantina"",""Falta de troco correto atrasa a fila e gera confusão"",""Alunos às vezes esquecem ou perdem o dinheiro do lanche"",""Ausência de um sistema organizado de controle das vendas""]","[""Os alunos gastam demais na cantina"",""A cantineira não sabe fazer contas"",""A escola deveria proibir a venda de lanches""]",1784245842672,1784245842672,12c315b2-ad5c-45ab-bca1-36549e202d22,hack_desafios
desafio-aviso-que-ninguem-le,O Aviso que Ninguém Lê,Comunicação,"O mural da escola fica lotado de avisos importantes — datas de prova, inscrições para o grêmio, mudanças de horário — mas quase ninguém para para ler. O resultado é um caos: alunos perdem prazos de inscrição, chegam atrasados porque não sabiam que o horário mudou, e reclamam depois que ""ninguém avisou nada"". Um grupo de alunos do 7º ano, cansado de ouvir essa desculpa, decidiu investigar por que as informações não chegam até os colegas.",20 minutos,Fácil,Publicado,65,"[""O mural fica em local pouco visível e é raramente atualizado"",""Os avisos são escritos em textos longos e pouco atrativos"",""Não existe um canal digital que complemente o mural físico"",""Falta de um responsável fixo para manter os avisos atualizados""]","[""Os alunos não sabem ler bem"",""A escola não tem interesse em avisar os alunos"",""Os professores escondem informações de propósito""]",1784247173676,1784247173676,12c315b2-ad5c-45ab-bca1-36549e202d22,hack_desafios
desafio-boletim-que-nao-chega,O Boletim que Não Chega,Comunicação,"A escola envia boletins, comunicados de reunião e avisos importantes para os pais, mas muitos deles nunca chegam ao destino. Alguns papéis se perdem dentro da mochila, outros ficam esquecidos no fundo da bolsa por semanas. Sem saber das reuniões e dos resultados escolares, vários pais só descobrem que o filho está com dificuldades quando já é tarde demais. A coordenadora pedagógica já tentou de tudo, mas a taxa de comparecimento às reuniões continua baixa. Um grupo de alunos do Ensino Médio, que também é responsável por levar (ou perder) esses papéis, decidiu resolver esse problema de comunicação entre escola e família.",30 minutos,Médio,Publicado,66,"[""Muitos contatos de pais estão desatualizados no cadastro da escola"",""Comunicados em papel se perdem no caminho entre a escola e a casa"",""A escola usa só um canal de comunicação (papel), sem alternativas digitais"",""Falta de confirmação de recebimento das mensagens importantes""]","[""Os pais não se importam com a educação dos filhos"",""As crianças escondem os comunicados de propósito"",""A escola manda poucos comunicados""]",1784247173676,1784247173676,12c315b2-ad5c-45ab-bca1-36549e202d22,hack_desafios
desafio-vozes-sem-microfone,As Vozes Sem Microfone,Comunicação,"A prefeitura da cidade divulga todas as decisões importantes — obras, verbas de saúde, mudanças no transporte público — apenas em seu site oficial e em editais publicados no diário oficial. O problema é que boa parte dos moradores do bairro mais afastado do centro não tem acesso constante à internet, muitos idosos não sabem usar computador, e não existe nenhum recurso de tradução para pessoas com deficiência auditiva nas raras audiências públicas presenciais. O resultado é que decisões que afetam diretamente essas pessoas são tomadas sem que elas nem saibam que aconteceram, muito menos que puderam opinar. Um grupo de alunos do Ensino Médio, que mora nesse bairro e sente esse problema na própria família, quer entender por que essas pessoas nunca são realmente ouvidas — e não é porque elas não têm o que dizer.",40 minutos,Difícil,Publicado,67,"[""A comunicação oficial da prefeitura é feita apenas por meios digitais, excluindo quem não tem acesso à internet"",""Não existem canais de comunicação acessíveis para pessoas com deficiência auditiva ou visual"",""As reuniões públicas acontecem em horários e locais inacessíveis para trabalhadores e moradores de bairros afastados"",""Grupos como idosos e comunidades tradicionais não são consultados na elaboração das políticas que os afetam""]","[""Esses grupos não têm interesse em participar da vida pública"",""A prefeitura não tem recursos financeiros para nenhuma comunicação"",""As pessoas preferem resolver seus problemas sozinhas""]",1784247173676,1784247173676,12c315b2-ad5c-45ab-bca1-36549e202d22,hack_desafios
desafio-conta-que-nao-fecha,A Conta que Não Fecha,Matemática,"O grêmio estudantil decidiu organizar a festa de fim de ano da escola. Empolgados, os alunos alugaram som, contrataram um buffet e imprimiram os ingressos — só que definiram o preço ""no chute"", sem calcular quanto realmente ia custar tudo isso. Faltando poucos dias para o evento, perceberam que, mesmo vendendo todos os ingressos impressos, o dinheiro não seria suficiente para pagar as contas. Agora precisam descobrir, com urgência, onde erraram nas contas e como evitar esse aperto financeiro nos próximos eventos.",20 minutos,Fácil,Publicado,68,"[""Não foi feito um orçamento prévio com todos os custos do evento"",""Os alunos definiram o preço do ingresso sem calcular o ponto de equilíbrio"",""Falta de controle de gastos durante a organização"",""Nenhuma estimativa de quantas pessoas realmente vão comprar ingresso""]","[""Os alunos não sabem se divertir organizando eventos"",""A escola não libera verba nenhuma para eventos"",""Os fornecedores cobram preços abusivos de propósito""]",1784247173676,1784247173676,12c315b2-ad5c-45ab-bca1-36549e202d22,hack_desafios
desafio-grafico-que-mente,O Gráfico que Mente,Matemática,"Depois de uma pesquisa informal sobre segurança no bairro, um aluno publicou nas redes sociais um gráfico mostrando um ""aumento assustador"" nos casos registrados. O gráfico se espalhou rápido e assustou muita gente — até que a professora de Matemática notou que o eixo vertical do gráfico começava em um número bem alto, fazendo uma pequena mudança parecer um salto gigante. Intrigados, alguns alunos foram checar os dados originais e perceberam que aquele não era o único gráfico manipulado circulando por aí: eixos cortados, escalas distorcidas e comparações incorretas apareciam toda semana nos grupos da escola, moldando a opinião de todo mundo sem que ninguém percebesse.",30 minutos,Médio,Publicado,69,"[""Os gráficos compartilhados usam escalas e eixos manipulados para exagerar diferenças"",""Poucos alunos sabem verificar a fonte original dos dados antes de compartilhar"",""Falta de conteúdo sobre estatística aplicada ao cotidiano/redes sociais no currículo"",""A velocidade de compartilhamento nas redes não dá tempo para verificação crítica""]","[""Os alunos são facilmente enganados porque são desatentos"",""As redes sociais deveriam ser banidas da escola"",""Ninguém consegue interpretar gráficos complexos""]",1784247173676,1784247173676,12c315b2-ad5c-45ab-bca1-36549e202d22,hack_desafios
desafio-numeros-escondidos,Os Números Escondidos,Matemática,"Todos os anos a cidade recebe verba federal e estadual para merenda escolar, saúde e infraestrutura, mas ninguém no bairro sabe exatamente para onde esse dinheiro vai. As informações existem — estão no Portal da Transparência da prefeitura — só que aparecem em planilhas de centenas de linhas, PDFs escaneados de cabeça para baixo e uma linguagem técnica que ninguém entende. Um grupo de alunos do Ensino Médio, estudando estatística e educação financeira, resolveu investigar: será que o problema é falta de dinheiro público, ou falta de gente que saiba ""traduzir"" os números para a população que mais precisa deles?",40 minutos,Difícil,Publicado,70,"[""Os dados de orçamento público são divulgados em formatos técnicos incompreensíveis para a maioria da população"",""Não existe uma tradução simples ou visual dos gastos públicos para os cidadãos"",""A fiscalização social é dificultada pela falta de letramento em dados financeiros públicos"",""Há uma diferença entre o valor orçado e o valor realmente gasto, que raramente é explicada publicamente""]","[""Não existe dinheiro público disponível para investir na área"",""Os políticos roubam todo o dinheiro público sem exceção"",""A população não tem interesse nenhum em política""]",1784247173676,1784247173676,12c315b2-ad5c-45ab-bca1-36549e202d22,hack_desafios